﻿Kategori,Alt Kategori,Sayı
Afet ve Acil Durum Toplanma Alanları,Afet ve Acil Durum Toplanma Alanları,1644
Alışveriş Noktaları,Alışveriş Merkezi,29
Alışveriş Noktaları,Çarşı,3
Alışveriş Noktaları,Hipermarket,43
Alışveriş Noktaları,Kent Ekmek Satış Büfesi,53
Alışveriş Noktaları,Kitap/Müzik Market,21
Alışveriş Noktaları,Pazaryeri,181
Alışveriş Noktaları,Teknoloji Market,7
Alışveriş Noktaları,Yapı Market,8
Coğrafi Yer Şekilleri,Ada/Yarımada,14
Coğrafi Yer Şekilleri,Burun,11
Coğrafi Yer Şekilleri,Dağ/Tepe,6
Coğrafi Yer Şekilleri,Göl,13
Coğrafi Yer Şekilleri,Körfez/Koy,14
Coğrafi Yer Şekilleri,Nehir/Çay,10
Coğrafi Yer Şekilleri,Orman,20
Dini Tesisler,Cami,1688
Dini Tesisler,Cemevi,19
Dini Tesisler,Kilise,19
Dini Tesisler,Mezarlık,284
Dini Tesisler,Müftülük,23
Dini Tesisler,Sinagog,9
Eğitim,Anaokulu,180
Eğitim,Engelliler Okulu,88
Eğitim,Etüt Eğitim Merkezi,29
Eğitim,Halk Eğitim Merkezi,30
Eğitim,İlkokul,643
Eğitim,Kolej,92
Eğitim,Lise,217
Eğitim,Meslek Lisesi,112
Eğitim,Ortaokul,469
Eğitim,Sanat Okulu,22
Eğitim,Üniversite,38
Fatura Ödeme Merkezi,Elektrik Fatura Ödeme Merkezi,63
Fatura Ödeme Merkezi,İzsu Fatura Ödeme Merkezi,58
Fatura Ödeme Merkezi,Türk Telekom Fatura Ödeme Merkezi,85
IBB Hizmet,Maskematik İstasyonu,20
IBB Hizmet,Turuncu Çember,266
İletişim,WizmirNet Noktası,73
Kamu Kurum ve Kuruluşları,Adliye,21
Kamu Kurum ve Kuruluşları,Askerlik Şubesi,31
Kamu Kurum ve Kuruluşları,Banka,703
Kamu Kurum ve Kuruluşları,Belediye ve Birimler,385
Kamu Kurum ve Kuruluşları,Bölge Müdürlüğü,84
Kamu Kurum ve Kuruluşları,Cezaevi,24
Kamu Kurum ve Kuruluşları,Defterdarlık,33
Kamu Kurum ve Kuruluşları,Dernek,59
Kamu Kurum ve Kuruluşları,Emniyet Müdürlüğü,36
Kamu Kurum ve Kuruluşları,Evlendirme Dairesi,38
Kamu Kurum ve Kuruluşları,Halk Eğitim Müdürlüğü,14
Kamu Kurum ve Kuruluşları,IBB Hizmet Yerleri,109
Kamu Kurum ve Kuruluşları,İBB Şirket,15
Kamu Kurum ve Kuruluşları,İl ve İlçe Müdürlüğü,203
Kamu Kurum ve Kuruluşları,İtfaiye,43
Kamu Kurum ve Kuruluşları,Jandarma Komutanlığı,49
Kamu Kurum ve Kuruluşları,Kaymakamlık,30
Kamu Kurum ve Kuruluşları,Konsolosluk,60
Kamu Kurum ve Kuruluşları,Meslek Odası,164
Kamu Kurum ve Kuruluşları,Milli Eğitim Müdürlüğü,29
Kamu Kurum ve Kuruluşları,Muhtarlık,1039
Kamu Kurum ve Kuruluşları,Noter,80
Kamu Kurum ve Kuruluşları,Nüfus Müdürlüğü,30
Kamu Kurum ve Kuruluşları,Polis Merkezi Amirliği,71
Kamu Kurum ve Kuruluşları,PTT,197
Kamu Kurum ve Kuruluşları,Turizm Danışma Müdürlüğü,7
Kamu Kurum ve Kuruluşları,Vakıf,64
Kamu Kurum ve Kuruluşları,Valilik,1
Kamu Kurum ve Kuruluşları,Vergi Dairesi,34
Kent Çekim Merkezleri,Fuar,2
Kent Çekim Merkezleri,Hamam,26
Kent Çekim Merkezleri,Kaplıca,2
Kent Çekim Merkezleri,Meydan,68
Kent Çekim Merkezleri,Park,574
Kent Çekim Merkezleri,Plaj,32
Kent Çekim Merkezleri,Rekreasyon Alanı,21
Kent Çekim Merkezleri,Yürüyüş Parkuru,14
Konaklama,Misafirhane,40
Konaklama,Otel,138
Konaklama,Öğrenci Yurdu,214
Konaklama,Pansiyon,52
Konaklama,Tatil Köyü,15
Kültür ve Sanat,Kültür Merkezi,65
Kültür ve Sanat,Kütüphane,58
Kültür ve Sanat,Opera ve Bale,1
Kültür ve Sanat,Sanat Galerisi ve Sergi Salonu,25
Kültür ve Sanat,Senfoni Orkestrası,1
Kültür ve Sanat,Sinema,27
Kültür ve Sanat,Tiyatro,35
Sağlık,Acil Yardım İstasyonu,81
Sağlık,Ağız ve Diş Sağlığı Merkezi,13
Sağlık,Aile Sağlığı Merkezi,288
Sağlık,Ana Çocuk Sağlığı Merkezi,23
Sağlık,Dal Merkezi,106
Sağlık,Eczane,1896
Sağlık,Hastane,83
Sağlık,Kan Merkezi,13
Sağlık,Laboratuvar,50
Sağlık,Poliklinik,52
Sağlık,Tıp Merkezi,38
Sağlık,Toplum Sağlığı Merkezi,14
Sağlık,Verem Savaş Dispanseri,12
Sağlık,Veteriner,416
Sosyal Hizmetler,Aile Dayanışma Merkezi,1
Sosyal Hizmetler,Çocuk ve Gençlik Merkezi,7
Sosyal Hizmetler,Çocuk Yuvası,2
Sosyal Hizmetler,Huzurevi,65
Sosyal Hizmetler,Toplum Merkezi,36
Sosyal Hizmetler,Yetiştirme Yurdu,5
Spor Aktiviteleri,Hipodrom,1
Spor Aktiviteleri,Spor Salonu,115
Spor Aktiviteleri,Stadyum,10
Tarihi Yerler,Antik Kent,30
Tarihi Yerler,Antik Kent Yapısı,68
Tarihi Yerler,Köşk/Konak,36
Tarihi Yerler,Kule/Anıt/Heykel,22
Tarihi Yerler,Müze,100
Tarihi Yerler,Tarihi Çarşı/Han,9
Tarihi Yerler,Tarihi Su Yapısı,10
Tarihi Yerler,Tarihi Yapı,31
Ulaşım Hizmetleri,Akaryakıt İstasyonu,206
Ulaşım Hizmetleri,Araç Muayene İstasyonu,7
Ulaşım Hizmetleri,Bisim,40
Ulaşım Hizmetleri,Havaalanı,3
Ulaşım Hizmetleri,Liman,7
Ulaşım Hizmetleri,Metro İstasyonu,47
Ulaşım Hizmetleri,Otopark,122
Ulaşım Hizmetleri,Şehirlerarası Terminal,15
Ulaşım Hizmetleri,Taksi Durağı,291
Ulaşım Hizmetleri,Tramvay Durağı,38
Ulaşım Hizmetleri,Tren Garı,10
Ulaşım Hizmetleri,Vapur İskelesi,10
